repo,n_interventions,mean_did_composite,mean_did_score_range,mean_did_absolute_error,mean_did_underprediction_loss,mean_did_positive_log_loss
psf-requests,25,0.0005850627016722609,-0.0016251881734268597,-0.0008044501412708944,-0.0003460823950566994,-0.01230002379807157
pallets-flask,17,0.0009462911904067731,0.0017435824953130608,0.0017333137335980428,0.0,0.0
scrapy-scrapy,17,-0.0015690825338610496,9.06776218673731e-05,-0.00027703982455245895,0.0,0.0
fastapi-fastapi,10,0.0032624598056479465,-1.4634644726057265e-05,-0.0003345698450435283,0.0,0.0
django-django,3,-0.0003411267009837589,0.0021202465684325533,0.0010673635603930573,0.0,0.0
prometheus-prometheus,1,-0.000980750765159466,0.003961777174544949,0.00157560147145017,0.0,0.0
traefik-traefik,1,0.010775490563435297,1.4208371914289225e-05,0.00015504063834297435,0.0,0.0
