roc_auc,average_precision,brier_score,log_loss,pairwise_accuracy,model,repo,n_files,n_pairs
0.6,0.6087301587301587,0.2463842761126543,0.6861131013949382,0.6,baseline_size,django-django,10,5
0.0,0.5,0.26525152231609017,0.7236736362694842,0.0,baseline_size,psf-requests,2,1
0.6000000000000001,0.6644444444444444,0.24779912198775386,0.688742281440056,0.6,baseline_history,django-django,10,5
0.0,0.5,0.25984088305175734,0.7129452012775983,0.0,baseline_history,psf-requests,2,1
0.76,0.7595238095238095,0.23451258108539844,0.6620590816855987,0.8,baseline_history_plus_structure,django-django,10,5
0.0,0.5,0.26416707767470465,0.7215256866691424,0.0,baseline_history_plus_structure,psf-requests,2,1
0.48,0.62,0.25219831482418614,0.6974651846452243,0.4,baseline_plus_composite,django-django,10,5
0.0,0.5,0.2952176513180055,0.7838262737776993,0.0,baseline_plus_composite,psf-requests,2,1
