{
  "pair_level": {
    "n_pairs": 1248,
    "n_commits": 636,
    "n_repos": 12,
    "mean_delta_composite": 0.006688749420553641,
    "median_delta_composite": 0.003179762798729835,
    "positive_share": 0.5408653846153846,
    "mean_case_loc": 2504.7363782051284,
    "mean_control_loc": 2212.474358974359,
    "median_loc_ratio": 1.0152396628955795,
    "n_events": 697,
    "ground_truth_policy": "expanded_advisory_event",
    "label": "Expanded advisory observations",
    "description": "The event-collapsed NVD set is augmented with OSV-linked repository advisories and locally explicit CVE/GHSA-tagged security-fix commits, with one primary fixing commit retained per event.",
    "sign_test_positive_count": 675,
    "sign_test_negative_count": 573,
    "sign_test_pvalue_greater": 0.0021157202795410194,
    "rank_biserial_effect": 0.08173076923076923,
    "wilcoxon_statistic": 453405.0,
    "wilcoxon_pvalue_greater": 2.8167225117672264e-07,
    "bootstrap_primary_cluster": {
      "cluster_col": "event_id",
      "n_clusters": 697,
      "n_boot": 2000,
      "confidence_level": 0.95,
      "mean_delta_composite_ci": [
        0.00417432660539964,
        0.009534205732386595
      ],
      "median_delta_composite_ci": [
        0.0008786436399101227,
        0.0048816197901792036
      ],
      "positive_share_ci": [
        0.5088491070690679,
        0.5742110953978451
      ]
    },
    "bootstrap_repo_cluster": {
      "cluster_col": "repo",
      "n_clusters": 12,
      "n_boot": 2000,
      "confidence_level": 0.95,
      "mean_delta_composite_ci": [
        0.002821021202280753,
        0.010756097139156437
      ],
      "median_delta_composite_ci": [
        0.0005429959088799267,
        0.004522339073515347
      ],
      "positive_share_ci": [
        0.5029503874300474,
        0.5887752625381492
      ]
    }
  },
  "commit_level": {
    "n_commit_events": 699,
    "n_unique_commits": 636,
    "n_repos": 12,
    "mean_delta_composite": 0.0067499702291412686,
    "median_delta_composite": 0.0038863367847585817,
    "positive_share": 0.5708154506437768,
    "n_events": 697,
    "ground_truth_policy": "expanded_advisory_event",
    "label": "Expanded advisory observations",
    "description": "The event-collapsed NVD set is augmented with OSV-linked repository advisories and locally explicit CVE/GHSA-tagged security-fix commits, with one primary fixing commit retained per event.",
    "sign_test_positive_count": 399,
    "sign_test_negative_count": 300,
    "sign_test_pvalue_greater": 0.00010266361488313143,
    "rank_biserial_effect": 0.14163090128755365,
    "wilcoxon_statistic": 149036.0,
    "wilcoxon_pvalue_greater": 2.84438315329335e-07,
    "bootstrap_primary_cluster": {
      "cluster_col": "event_id",
      "n_clusters": 697,
      "n_boot": 2000,
      "confidence_level": 0.95,
      "mean_delta_composite_ci": [
        0.004461828641204686,
        0.00910337680272809
      ],
      "median_delta_composite_ci": [
        0.0026849110975768475,
        0.004938752043229813
      ],
      "positive_share_ci": [
        0.533715925394548,
        0.6077032810271041
      ]
    },
    "bootstrap_repo_cluster": {
      "cluster_col": "repo",
      "n_clusters": 12,
      "n_boot": 2000,
      "confidence_level": 0.95,
      "mean_delta_composite_ci": [
        0.00241660294494475,
        0.011374037080466047
      ],
      "median_delta_composite_ci": [
        0.002189924321213732,
        0.006364664864128455
      ],
      "positive_share_ci": [
        0.5354299320215953,
        0.6114052517732279
      ]
    }
  }
}