{
  "n_samples": 50,
  "ci_mean_range": [
    0.027899999999999998,
    0.24470666666666666
  ],
  "correlation_regularity_ci": -0.9952002793899473
}