,ci_gzip,ci_lzma,ci_zstd,shannon_entropy,cyclomatic_density,halstead_volume,composite_score
ci_gzip,1.0,0.9428571428571428,0.9428571428571428,0.5678571428571428,0.45714285714285713,-0.2831559406793983,0.7071428571428572
ci_lzma,0.9428571428571428,1.0,1.0,0.7071428571428572,0.4035714285714286,-0.3763465034346433,0.6107142857142858
ci_zstd,0.9428571428571428,1.0,1.0,0.7071428571428572,0.4035714285714286,-0.3763465034346433,0.6107142857142858
shannon_entropy,0.5678571428571428,0.7071428571428572,0.7071428571428572,1.0,0.2785714285714286,-0.7992882882469091,0.175
cyclomatic_density,0.45714285714285713,0.4035714285714286,0.4035714285714286,0.2785714285714286,1.0,-0.21863939723345946,0.7857142857142857
halstead_volume,-0.2831559406793983,-0.3763465034346433,-0.3763465034346433,-0.7992882882469091,-0.21863939723345946,1.0,0.11469607723722464
composite_score,0.7071428571428572,0.6107142857142858,0.6107142857142858,0.175,0.7857142857142857,0.11469607723722464,1.0
