roc_auc,average_precision,brier_score,log_loss,pairwise_accuracy,model,held_out_repo,n_files,n_pairs
1.0,1.0,0.11286508032181303,0.39833162883170503,1.0,baseline_size,pallets-flask,2,1
1.0,1.0,0.11286508032181305,0.3983316288317051,1.0,baseline_history,pallets-flask,2,1
1.0,1.0,0.044075016807125625,0.23095406472385352,1.0,baseline_history_plus_structure,pallets-flask,2,1
1.0,1.0,0.09907709824717303,0.3695163702819951,1.0,baseline_plus_composite,pallets-flask,2,1
0.5555555555555556,0.7,0.48183253281058797,7.69234097881889,0.6666666666666666,baseline_size,psf-requests,6,3
0.5555555555555556,0.7,0.48183253281058797,7.69234097881889,0.6666666666666666,baseline_history,psf-requests,6,3
0.5555555555555556,0.7,0.46923828656371874,7.438759639504081,0.6666666666666666,baseline_history_plus_structure,psf-requests,6,3
0.5555555555555556,0.7,0.4654991982913163,7.388392808714674,0.6666666666666666,baseline_plus_composite,psf-requests,6,3
