repo,n_pairs,n_events,n_snapshots,mean_delta_composite,median_delta_composite,positive_share
psf-requests,3,2,2,0.0007545720770586462,0.009565643551063319,0.6666666666666666
pallets-flask,1,1,1,-0.055035075373471354,-0.055035075373471354,0.0
