{
  "pair_level": {
    "n_pairs": 160,
    "n_security_commits": 95,
    "n_bugfix_commits": 154,
    "n_repos": 6,
    "n_security_events": 105,
    "mean_delta_composite": -0.000872875713120933,
    "median_delta_composite": -8.411493915277957e-05,
    "positive_share": 0.48125,
    "mean_security_loc": 4054.40625,
    "mean_bugfix_loc": 3366.50625,
    "median_loc_ratio": 1.020036400521751,
    "same_suffix_share": 0.9875,
    "same_subsystem_share": 0.99375,
    "same_top_level_share": 1.0,
    "median_delta_log_prior_touches_total": 0.0,
    "security_ground_truth_policy": "expanded_advisory_event",
    "sign_test_positive_count": 77,
    "sign_test_negative_count": 83,
    "sign_test_pvalue_greater": 0.7099353968476456,
    "rank_biserial_effect": -0.0375,
    "wilcoxon_statistic": 6089.0,
    "wilcoxon_pvalue_greater": 0.7250736878788147,
    "bootstrap_primary_cluster": {
      "cluster_col": "security_event_id",
      "n_clusters": 105,
      "n_boot": 2000,
      "confidence_level": 0.95,
      "mean_delta_composite_ci": [
        -0.004555219683057736,
        0.002580112068677035
      ],
      "median_delta_composite_ci": [
        -0.0009742108996413923,
        0.00038339084953609186
      ],
      "positive_share_ci": [
        0.4097064393939394,
        0.5524951713605534
      ]
    },
    "bootstrap_repo_cluster": {
      "cluster_col": "repo",
      "n_clusters": 6,
      "n_boot": 2000,
      "confidence_level": 0.95,
      "mean_delta_composite_ci": [
        -0.007341037987340004,
        0.002578875080170393
      ],
      "median_delta_composite_ci": [
        -0.002158989550880619,
        0.0002313010864102849
      ],
      "positive_share_ci": [
        0.3592233009708738,
        0.5492227979274611
      ]
    }
  },
  "event_level": {
    "n_security_events": 105,
    "n_security_commits": 95,
    "n_bugfix_commits": 102,
    "n_repos": 6,
    "mean_delta_composite": -0.0018312680859186312,
    "median_delta_composite": 3.0164225148510138e-05,
    "positive_share": 0.5047619047619047,
    "security_ground_truth_policy": "expanded_advisory_event",
    "sign_test_positive_count": 53,
    "sign_test_negative_count": 52,
    "sign_test_pvalue_greater": 0.4999999999999992,
    "rank_biserial_effect": 0.009523809523809525,
    "wilcoxon_statistic": 2582.0,
    "wilcoxon_pvalue_greater": 0.7392257890287528,
    "bootstrap_primary_cluster": {
      "cluster_col": "security_event_id",
      "n_clusters": 105,
      "n_boot": 2000,
      "confidence_level": 0.95,
      "mean_delta_composite_ci": [
        -0.0057268561390748105,
        0.0024285332742000633
      ],
      "median_delta_composite_ci": [
        -0.0012789566070060543,
        0.0005679189748183378
      ],
      "positive_share_ci": [
        0.4095238095238095,
        0.6
      ]
    },
    "bootstrap_repo_cluster": {
      "cluster_col": "repo",
      "n_clusters": 6,
      "n_boot": 2000,
      "confidence_level": 0.95,
      "mean_delta_composite_ci": [
        -0.009729828527960402,
        0.0016662750281703721
      ],
      "median_delta_composite_ci": [
        -0.00941452780881541,
        0.000528749365663439
      ],
      "positive_share_ci": [
        0.30303030303030304,
        0.5988372093023255
      ]
    }
  },
  "matching": {
    "require_same_suffix": true,
    "require_same_subsystem": true,
    "max_log_loc_gap": 0.75,
    "max_log_touch_gap": 1.1,
    "max_directory_depth_gap": 2
  },
  "prediction": {
    "n_files": 320,
    "n_pairs": 160,
    "n_commits": 249,
    "n_repos": 6,
    "models": {
      "baseline_size": {
        "roc_auc": 0.504765625,
        "average_precision": 0.5249089417428213,
        "brier_score": 0.25134697524240834,
        "log_loss": 0.6958757857900189,
        "pairwise_accuracy": 0.4875,
        "macro_roc_auc": 0.5035992901503089,
        "macro_average_precision": 0.530823818655579,
        "macro_brier_score": 0.2510088963780901,
        "macro_pairwise_accuracy": 0.46290489030926457
      },
      "baseline_plus_composite": {
        "roc_auc": 0.47238281249999997,
        "average_precision": 0.4796161842000595,
        "brier_score": 0.25305054104006885,
        "log_loss": 0.6993361533738671,
        "pairwise_accuracy": 0.3625,
        "macro_roc_auc": 0.4493763499076347,
        "macro_average_precision": 0.4941269600096687,
        "macro_brier_score": 0.2525615405710538,
        "macro_pairwise_accuracy": 0.36487815839408766
      },
      "baseline_plus_components": {
        "roc_auc": 0.4776171875,
        "average_precision": 0.4854914838798132,
        "brier_score": 0.2588775852505658,
        "log_loss": 0.7115986256619784,
        "pairwise_accuracy": 0.575,
        "macro_roc_auc": 0.5163769535931433,
        "macro_average_precision": 0.5470422038594291,
        "macro_brier_score": 0.25738391111333075,
        "macro_pairwise_accuracy": 0.6088643097306834
      }
    },
    "task": "security_vs_ordinary_bugfix"
  }
}