{
  "pair_level": {
    "n_pairs": 1248,
    "n_security_commits": 636,
    "n_bugfix_commits": 1085,
    "n_repos": 12,
    "n_security_events": 697,
    "mean_delta_composite": 0.0033534620062522415,
    "median_delta_composite": 0.00012151920679878692,
    "positive_share": 0.5336538461538461,
    "mean_security_loc": 2504.7363782051284,
    "mean_bugfix_loc": 1693.8229166666667,
    "median_loc_ratio": 1.01062539286611,
    "security_ground_truth_policy": "expanded_advisory_event",
    "sign_test_positive_count": 666,
    "sign_test_negative_count": 578,
    "sign_test_pvalue_greater": 0.0068030068927466885,
    "rank_biserial_effect": 0.0707395498392283,
    "wilcoxon_statistic": 432465.0,
    "wilcoxon_pvalue_greater": 0.00017714735636708534,
    "bootstrap_primary_cluster": {
      "cluster_col": "security_event_id",
      "n_clusters": 697,
      "n_boot": 2000,
      "confidence_level": 0.95,
      "mean_delta_composite_ci": [
        0.0012544913023396374,
        0.0053976192417102406
      ],
      "median_delta_composite_ci": [
        1.905465030126175e-06,
        0.0008083970059194756
      ],
      "positive_share_ci": [
        0.502422300186721,
        0.5638219133807368
      ]
    },
    "bootstrap_repo_cluster": {
      "cluster_col": "repo",
      "n_clusters": 12,
      "n_boot": 2000,
      "confidence_level": 0.95,
      "mean_delta_composite_ci": [
        0.0018146190578770972,
        0.004403649125396539
      ],
      "median_delta_composite_ci": [
        0.0,
        0.0021101233871808622
      ],
      "positive_share_ci": [
        0.4909014012303486,
        0.5621808928865183
      ]
    }
  },
  "event_level": {
    "n_security_events": 699,
    "n_security_commits": 636,
    "n_bugfix_commits": 649,
    "n_repos": 12,
    "mean_delta_composite": 0.002270167103535758,
    "median_delta_composite": 0.0003165098373107966,
    "positive_share": 0.5522174535050072,
    "security_ground_truth_policy": "expanded_advisory_event",
    "sign_test_positive_count": 386,
    "sign_test_negative_count": 310,
    "sign_test_pvalue_greater": 0.0022185635841545466,
    "rank_biserial_effect": 0.10919540229885058,
    "wilcoxon_statistic": 137140.0,
    "wilcoxon_pvalue_greater": 0.0013981643307348062,
    "bootstrap_primary_cluster": {
      "cluster_col": "security_event_id",
      "n_clusters": 697,
      "n_boot": 2000,
      "confidence_level": 0.95,
      "mean_delta_composite_ci": [
        0.0004484568986847097,
        0.004187479339090992
      ],
      "median_delta_composite_ci": [
        3.2503934046190786e-05,
        0.0015640603565829885
      ],
      "positive_share_ci": [
        0.5150645624103299,
        0.5896700143472023
      ]
    },
    "bootstrap_repo_cluster": {
      "cluster_col": "repo",
      "n_clusters": 12,
      "n_boot": 2000,
      "confidence_level": 0.95,
      "mean_delta_composite_ci": [
        0.0001918534969172556,
        0.004795251228246703
      ],
      "median_delta_composite_ci": [
        -1.1344945061841198e-05,
        0.0038173667598819664
      ],
      "positive_share_ci": [
        0.4918522424320076,
        0.6096064065708419
      ]
    }
  },
  "prediction": {
    "n_files": 2496,
    "n_pairs": 1248,
    "n_commits": 1721,
    "n_repos": 12,
    "models": {
      "baseline_size": {
        "roc_auc": 0.5677048020422419,
        "average_precision": 0.5560748686621505,
        "brier_score": 0.2471695408321534,
        "log_loss": 0.687255609499712,
        "pairwise_accuracy": 0.5969551282051282,
        "macro_roc_auc": 0.5800024494138171,
        "macro_average_precision": 0.6079936860438763,
        "macro_brier_score": 0.25107552326721194,
        "macro_pairwise_accuracy": 0.5946846311437767
      },
      "baseline_plus_composite": {
        "roc_auc": 0.581192728879027,
        "average_precision": 0.5623532716774066,
        "brier_score": 0.24647424185326222,
        "log_loss": 0.6859893253949735,
        "pairwise_accuracy": 0.6153846153846154,
        "macro_roc_auc": 0.5828502034829722,
        "macro_average_precision": 0.6161574938226662,
        "macro_brier_score": 0.25019616013815943,
        "macro_pairwise_accuracy": 0.5992086226359905
      },
      "baseline_plus_components": {
        "roc_auc": 0.5834527551775148,
        "average_precision": 0.5642039128695371,
        "brier_score": 0.24725671344257721,
        "log_loss": 0.6886596316179228,
        "pairwise_accuracy": 0.6065705128205128,
        "macro_roc_auc": 0.5491458823898485,
        "macro_average_precision": 0.5928281693759517,
        "macro_brier_score": 0.2550451574334815,
        "macro_pairwise_accuracy": 0.5664209972583987
      }
    },
    "task": "security_vs_ordinary_bugfix"
  }
}