{
  "pair_level": {
    "n_pairs": 201,
    "n_events": 130,
    "n_repos": 11,
    "n_snapshots": 24,
    "mean_delta_composite": 0.006573928363431005,
    "median_delta_composite": 0.0037543182700985334,
    "positive_share": 0.5621890547263682,
    "mean_case_loc": 1157.2935323383085,
    "mean_control_loc": 977.9601990049752,
    "ground_truth_policy": "supported_advisory_plus_explicit",
    "severity_band": "all",
    "severity_label_breakdown": {
      "HIGH": 63,
      "UNKNOWN": 57,
      "MEDIUM": 39,
      "CRITICAL": 28,
      "LOW": 14
    },
    "label": "Supported advisory plus explicit-ID future events",
    "description": "Future security events combine NVD-linked fixing commits, OSV-linked advisories, and locally explicit CVE/GHSA-tagged fixes, but exclude range-only mappings that lack explicit identifier or reference support.",
    "source_filter_label": "Explicit or reference-supported mappings only",
    "wilcoxon_pvalue_greater": 0.019666612406071093,
    "wilcoxon_statistic": 11852.0,
    "bootstrap_primary_cluster": {
      "cluster_col": "event_observation_id",
      "n_clusters": 130,
      "n_boot": 2000,
      "confidence_level": 0.95,
      "mean_delta_composite_ci": [
        0.000917392032451868,
        0.011768856275508176
      ],
      "median_delta_composite_ci": [
        -0.001609679092203109,
        0.008146931396247585
      ],
      "positive_share_ci": [
        0.4793791557372049,
        0.6371703106021169
      ]
    },
    "bootstrap_repo_cluster": {
      "cluster_col": "repo",
      "n_clusters": 11,
      "n_boot": 2000,
      "confidence_level": 0.95,
      "mean_delta_composite_ci": [
        0.00045019849917121366,
        0.00947214497537384
      ],
      "median_delta_composite_ci": [
        -0.004629963224000999,
        0.006027634489884805
      ],
      "positive_share_ci": [
        0.46049964438122337,
        0.6140350877192983
      ]
    }
  },
  "prediction": {
    "n_files": 402,
    "n_pairs": 201,
    "n_events": 130,
    "n_repos": 11,
    "models": {
      "baseline_size": {
        "roc_auc": 0.540060889581941,
        "average_precision": 0.5233430779761624,
        "brier_score": 0.2488758922327127,
        "log_loss": 0.690926786906145,
        "pairwise_accuracy": 0.5671641791044776,
        "macro_roc_auc": 0.5638064872814725,
        "macro_average_precision": 0.6543126011974754,
        "macro_brier_score": 0.24871510501487248,
        "macro_pairwise_accuracy": 0.5636636164581653
      },
      "baseline_history": {
        "roc_auc": 0.6017425311254672,
        "average_precision": 0.5853142696930783,
        "brier_score": 0.24572085425773238,
        "log_loss": 0.6865498920027315,
        "pairwise_accuracy": 0.6218905472636815,
        "macro_roc_auc": 0.4995457526912006,
        "macro_average_precision": 0.6198949987962478,
        "macro_brier_score": 0.2674936713767304,
        "macro_pairwise_accuracy": 0.5239298403090019
      },
      "baseline_history_plus_structure": {
        "roc_auc": 0.6009752233855598,
        "average_precision": 0.5869022554284646,
        "brier_score": 0.24655192681527596,
        "log_loss": 0.6885310548000846,
        "pairwise_accuracy": 0.6069651741293532,
        "macro_roc_auc": 0.4933240361136608,
        "macro_average_precision": 0.6058914873326295,
        "macro_brier_score": 0.2683935650989722,
        "macro_pairwise_accuracy": 0.47972306669046355
      },
      "baseline_plus_composite": {
        "roc_auc": 0.5945149872527907,
        "average_precision": 0.584520735407966,
        "brier_score": 0.24559530875716004,
        "log_loss": 0.686133524984756,
        "pairwise_accuracy": 0.6268656716417911,
        "macro_roc_auc": 0.4883969898266688,
        "macro_average_precision": 0.6257464950139537,
        "macro_brier_score": 0.2700684460753134,
        "macro_pairwise_accuracy": 0.48376490203297173
      }
    }
  },
  "repo_fixed_effects": {
    "baseline_repo_fixed_effects": {
      "log_likelihood": -265.88338612431585,
      "aic": 563.7667722486317
    },
    "baseline_plus_composite_repo_fixed_effects": {
      "log_likelihood": -265.0303924560935,
      "aic": 564.060784912187,
      "composite_coef": 5.3588986178501,
      "composite_pvalue": 0.2681306073110622,
      "composite_ci_lo": -4.125893301556509,
      "composite_ci_hi": 14.843690537256709,
      "lr_statistic_vs_baseline": 1.7059873364446503,
      "lr_pvalue_vs_baseline": 0.19150682186104367
    }
  },
  "event_catalog": {
    "n_rows": 169,
    "n_event_observations": 168,
    "n_snapshot_keys": 27,
    "source_breakdown": {
      "explicit_id+osv_range": 75,
      "explicit_id": 44,
      "nvd_ref+osv_range+osv_ref": 22,
      "explicit_id+nvd_ref+osv_range+osv_ref": 15,
      "osv_range+osv_ref": 5,
      "nvd_ref": 4,
      "explicit_id+osv_range+osv_ref": 3,
      "explicit_id+nvd_ref": 1
    },
    "source_family_breakdown": {
      "explicit_plus_range": 75,
      "explicit_only": 44,
      "reference_plus_range": 27,
      "explicit_plus_reference_plus_range": 18,
      "reference_only": 4,
      "explicit_plus_reference": 1
    },
    "severity_label_breakdown": {
      "HIGH": 56,
      "UNKNOWN": 47,
      "MEDIUM": 37,
      "CRITICAL": 24,
      "LOW": 5
    },
    "known_severity_rate": 0.7218934911242604
  },
  "audit": {
    "n_rows_full": 201,
    "n_rows_sampled": 80
  },
  "parameters": {
    "max_tags": 5,
    "min_tag_gap_days": 365,
    "horizon_days": 730,
    "lookback_years": 10,
    "min_loc": 20,
    "ground_truth_policy": "supported_advisory_plus_explicit",
    "ground_truth_label": "Supported advisory plus explicit-ID future events",
    "ground_truth_source_filter": "Explicit or reference-supported mappings only",
    "severity_band": "all",
    "results_subdir": "e12_prospective_file_panel__curated15_h730_l10_t5__supported"
  }
}