{
  "n_firms": 100,
  "n_simulations": 100000,
  "opacity_distribution": {
    "mean": 0.3405840358488416,
    "std": 0.029414190607233572,
    "min": 0.28188242664776075,
    "max": 0.405541322553127
  },
  "aware_model": {
    "mean_loss": 421773.01901099714,
    "std_loss": 109833.74700302587,
    "median_loss": 411673.01685518585,
    "max_loss": 2509099.0754320263,
    "VaR_90": 556543.7322892343,
    "CVaR_90": 636857.4336185124,
    "VaR_95": 608527.7264434291,
    "CVaR_95": 694202.3327571452,
    "VaR_99": 730350.345084221,
    "CVaR_99": 860444.4747406978,
    "VaR_99.5": 793404.004385431,
    "CVaR_99.5": 964800.5472411074
  },
  "blind_model": {
    "mean_loss": 421524.59155342774,
    "std_loss": 124393.12838930605,
    "median_loss": 410667.108533083,
    "max_loss": 13582075.26094422,
    "VaR_90": 555675.5627143276,
    "CVaR_90": 638119.1047092521,
    "VaR_95": 604928.3381546524,
    "CVaR_95": 698311.2749457596,
    "VaR_99": 726536.511471824,
    "CVaR_99": 899481.9454255252,
    "VaR_99.5": 793119.0705561498,
    "CVaR_99.5": 1043459.073644413
  },
  "gaps": {
    "VaR_90_gap_pct": 0.15623677432671726,
    "VaR_95_gap_pct": 0.5950106916394023,
    "VaR_99_gap_pct": 0.5249335101784308,
    "VaR_99.5_gap_pct": 0.035925731691375036,
    "CVaR_90_gap_pct": -0.19771717872553554,
    "CVaR_95_gap_pct": -0.5884112624321517,
    "CVaR_99_gap_pct": -4.33999491411244,
    "CVaR_99.5_gap_pct": -7.538247391781329
  }
}