quartile,n_firms,mean_opacity,aware_mean_loss,aware_std_loss,aware_median_loss,aware_max_loss,aware_VaR_90,aware_CVaR_90,aware_VaR_95,aware_CVaR_95,aware_VaR_99,aware_CVaR_99,aware_VaR_99.5,aware_CVaR_99.5
Q1 (lowest),25,0.30431167462952063,99697.21512402315,52171.80808928719,92645.74140410723,1241217.678191893,160987.67356016472,202859.14696538134,186237.31410874563,233098.19263863825,248449.9612225239,333696.1707724911,282653.165835564,404790.17448044434
Q2,25,0.32649785666595454,102957.33349902368,54180.45793893585,95698.95754959132,1297374.0071931633,164573.97538020785,210247.74255936113,191917.38386439378,244364.6320305059,259707.21511895006,350369.89578674943,292066.4442840953,425095.57315015304
Q3,25,0.3522967775880997,107242.82583236381,56377.66902606311,99454.30141132374,1205573.3096110583,172456.45244562827,219759.0183263411,200312.28453736735,255123.80009452775,272206.55559188704,372194.0400373067,316043.6729835871,454342.5211877555
Q4 (highest),25,0.37922983451179176,112362.22009705026,57054.4384520803,104168.34906365379,1018467.4914592388,180461.33502613832,227378.4870371181,208822.1682208468,262056.98838321105,281730.4498690924,371804.63186034595,312425.5735740341,446813.1997786316
Full portfolio,100,0.3405840358488416,420230.27688271296,107915.62297252302,410382.0111930129,1625212.5548284,552499.3808462425,631461.3622634773,601808.6244627328,687279.5629878781,726892.8215117907,855878.3905650709,793740.7411439365,954221.366840998
