{
  "n_firms": 100,
  "n_simulations": 10000,
  "opacity_distribution": {
    "mean": 0.3405840358488416,
    "std": 0.029414190607233572,
    "min": 0.28188242664776075,
    "max": 0.405541322553127
  },
  "aware_model": {
    "mean_loss": 420230.27688271296,
    "std_loss": 107915.62297252302,
    "median_loss": 410382.0111930129,
    "max_loss": 1625212.5548284,
    "VaR_90": 552499.3808462425,
    "CVaR_90": 631461.3622634773,
    "VaR_95": 601808.6244627328,
    "CVaR_95": 687279.5629878781,
    "VaR_99": 726892.8215117907,
    "CVaR_99": 855878.3905650709,
    "VaR_99.5": 793740.7411439365,
    "CVaR_99.5": 954221.366840998
  },
  "blind_model": {
    "mean_loss": 422149.32782206964,
    "std_loss": 107654.05903963085,
    "median_loss": 414600.4704523466,
    "max_loss": 1722104.8629913626,
    "VaR_90": 553446.4479331217,
    "CVaR_90": 630941.2720507085,
    "VaR_95": 602398.7381310578,
    "CVaR_95": 686240.963269807,
    "VaR_99": 720424.2852264474,
    "CVaR_99": 852180.9128955082,
    "VaR_99.5": 779865.5655356173,
    "CVaR_99.5": 958761.5680812554
  },
  "gaps": {
    "VaR_90_gap_pct": -0.17112172106552345,
    "VaR_95_gap_pct": -0.09796064151061067,
    "VaR_99_gap_pct": 0.8978787109196525,
    "VaR_99.5_gap_pct": 1.7791753119384954,
    "CVaR_90_gap_pct": 0.08243084353609367,
    "CVaR_95_gap_pct": 0.1513462141814335,
    "CVaR_99_gap_pct": 0.4338841217411838,
    "CVaR_99.5_gap_pct": -0.4735485225324231
  }
}