n_pairs,n_commits,n_repos,mean_delta_composite,median_delta_composite,positive_share,mean_case_loc,mean_control_loc,median_loc_ratio,sign_test_positive_count,sign_test_negative_count,sign_test_pvalue_greater,rank_biserial_effect,wilcoxon_statistic,wilcoxon_pvalue_greater,repo,category
9,7,1,0.014695210078605156,0.020384117505908128,0.6666666666666666,898.5555555555555,841.2222222222222,1.0943049601959585,6,3,0.25390625,0.3333333333333333,32.0,0.150390625,zlib,low_opacity
22,9,1,0.009632645351662146,0.01067146038677333,0.5454545454545454,1349.409090909091,1399.6363636363637,0.9653565405623097,12,10,0.4159059524536133,0.09090909090909091,173.0,0.06874465942382812,curl,low_opacity
13,12,1,0.0010570138512438572,0.003185476112476715,0.5384615384615384,1348.923076923077,1290.5384615384614,1.0319148936170213,7,6,0.5,0.07692307692307693,53.0,0.3177490234375,openssh,mixed
4,3,1,0.007343290168787486,0.001853530517218538,0.75,1412.0,1484.75,0.951255107997665,3,1,0.3125,0.5,9.0,0.125,jq,low_opacity
53,25,1,0.0002687662177520616,-0.0003610384856593818,0.49056603773584906,1764.622641509434,1600.5849056603774,1.0664882667764513,26,27,0.6080768488952506,-0.018867924528301886,711.0,0.5158886367641484,redis,low_opacity
