repo,n_pairs,n_events,n_snapshots,mean_delta_composite,median_delta_composite,positive_share
zlib,11,2,2,0.05317418994622676,0.04235020292102032,0.8181818181818182
openssl,2,2,1,0.02737229158188187,0.02737229158188187,1.0
psf-requests,2,1,1,0.021371512373166285,0.021371512373166285,1.0
openssh,1,1,1,0.009449304449414442,0.009449304449414442,1.0
redis,1,1,1,0.0013919033429681815,0.0013919033429681815,1.0
curl,31,25,5,0.0008009686852610491,-0.002799876205177354,0.4838709677419355
sqlite,7,6,1,0.005759838059949035,-0.004950231981991793,0.42857142857142855
git,10,2,1,0.004616508468566291,-0.009593209577192313,0.4
