{
  "pair_level": {
    "n_pairs": 65,
    "n_events": 40,
    "n_repos": 8,
    "n_snapshots": 13,
    "mean_delta_composite": 0.01237782900706726,
    "median_delta_composite": 0.003450055892800119,
    "positive_share": 0.5692307692307692,
    "mean_case_loc": 1489.7076923076922,
    "mean_control_loc": 1424.923076923077,
    "ground_truth_policy": "expanded_advisory_plus_explicit",
    "severity_band": "high_critical",
    "severity_label_breakdown": {
      "CRITICAL": 34,
      "HIGH": 31
    },
    "label": "Expanded advisory plus explicit-ID future events",
    "description": "Future security events combine NVD-linked fixing commits, OSV-linked advisories, and locally explicit CVE/GHSA-tagged fixes; external publication timestamps are used when available and otherwise the fixing-commit date is used.",
    "wilcoxon_pvalue_greater": 0.07760772913022396,
    "wilcoxon_statistic": 1290.0,
    "bootstrap_primary_cluster": {
      "cluster_col": "event_observation_id",
      "n_clusters": 40,
      "n_boot": 2000,
      "confidence_level": 0.95,
      "mean_delta_composite_ci": [
        -0.001202381746671882,
        0.026098940165447993
      ],
      "median_delta_composite_ci": [
        -0.009019750191019804,
        0.015250028348824884
      ],
      "positive_share_ci": [
        0.4423076923076923,
        0.6901667357083677
      ]
    },
    "bootstrap_repo_cluster": {
      "cluster_col": "repo",
      "n_clusters": 8,
      "n_boot": 2000,
      "confidence_level": 0.95,
      "mean_delta_composite_ci": [
        0.0021385942091235077,
        0.03713478296590508
      ],
      "median_delta_composite_ci": [
        -0.004950231981991793,
        0.020841137693963507
      ],
      "positive_share_ci": [
        0.4722222222222222,
        0.7931034482758621
      ]
    }
  },
  "prediction": {
    "n_files": 130,
    "n_pairs": 65,
    "n_events": 40,
    "n_repos": 8,
    "models": {
      "baseline_size": {
        "roc_auc": 0.5846153846153845,
        "average_precision": 0.5593199436087367,
        "brier_score": 0.24680840948452187,
        "log_loss": 0.6867882801295444,
        "pairwise_accuracy": 0.5538461538461539,
        "macro_roc_auc": 0.5917791658893157,
        "macro_average_precision": 0.675354920061256,
        "macro_brier_score": 0.24807230732727323,
        "macro_pairwise_accuracy": 0.5162232928361961
      },
      "baseline_history": {
        "roc_auc": 0.41988165680473377,
        "average_precision": 0.4701692713744629,
        "brier_score": 0.27769625369593065,
        "log_loss": 0.7545690471079908,
        "pairwise_accuracy": 0.36923076923076925,
        "macro_roc_auc": 0.42392633020046966,
        "macro_average_precision": 0.5889987384682667,
        "macro_brier_score": 0.27685867164823763,
        "macro_pairwise_accuracy": 0.4393485546711353
      },
      "baseline_history_plus_structure": {
        "roc_auc": 0.4080473372781065,
        "average_precision": 0.45455846121805743,
        "brier_score": 0.2903646867352701,
        "log_loss": 0.7842570366923155,
        "pairwise_accuracy": 0.35384615384615387,
        "macro_roc_auc": 0.2829083705832932,
        "macro_average_precision": 0.5107703236375921,
        "macro_brier_score": 0.28620064365698694,
        "macro_pairwise_accuracy": 0.3135106828655216
      },
      "baseline_plus_composite": {
        "roc_auc": 0.4575147928994082,
        "average_precision": 0.49473614012202877,
        "brier_score": 0.2749300025227263,
        "log_loss": 0.7482468268109572,
        "pairwise_accuracy": 0.5230769230769231,
        "macro_roc_auc": 0.5899689159037511,
        "macro_average_precision": 0.6925398504030196,
        "macro_brier_score": 0.2667307480208924,
        "macro_pairwise_accuracy": 0.6493611227482196
      }
    }
  },
  "repo_fixed_effects": {
    "baseline_repo_fixed_effects": {
      "log_likelihood": -85.71977831763337,
      "aic": 197.43955663526674
    },
    "baseline_plus_composite_repo_fixed_effects": {
      "log_likelihood": -85.45677727767003,
      "aic": 198.91355455534006,
      "composite_coef": 5.432630553711254,
      "composite_pvalue": 0.3804807505800699,
      "composite_ci_lo": -6.708337092069987,
      "composite_ci_hi": 17.573598199492494,
      "lr_statistic_vs_baseline": 0.526002079926684,
      "lr_pvalue_vs_baseline": 0.46829253484701994
    }
  },
  "event_catalog": {
    "n_rows": 45,
    "n_event_observations": 45,
    "n_snapshot_keys": 14,
    "source_breakdown": {
      "explicit_id+osv_range": 20,
      "nvd_ref+osv_range+osv_ref": 12,
      "osv_range": 9,
      "nvd_ref": 3,
      "explicit_id+osv_range+osv_ref": 1
    },
    "severity_label_breakdown": {
      "HIGH": 29,
      "CRITICAL": 16
    },
    "known_severity_rate": 1.0
  },
  "audit": {
    "n_rows_full": 65,
    "n_rows_sampled": 40
  },
  "parameters": {
    "max_tags": 5,
    "min_tag_gap_days": 365,
    "horizon_days": 365,
    "lookback_years": 10,
    "min_loc": 20,
    "ground_truth_policy": "expanded_advisory_plus_explicit",
    "ground_truth_label": "Expanded advisory plus explicit-ID future events",
    "severity_band": "high_critical",
    "results_subdir": "e12_prospective_file_panel__curated15_h365_l10_t5__high_critical"
  }
}