{
  "pair_level": {
    "n_pairs": 293,
    "n_security_commits": 176,
    "n_bugfix_commits": 286,
    "n_repos": 11,
    "n_security_events": 181,
    "mean_delta_composite": -0.001828957511651066,
    "median_delta_composite": -5.146498992880666e-05,
    "positive_share": 0.4812286689419795,
    "mean_security_loc": 1803.9283276450512,
    "mean_bugfix_loc": 1742.617747440273,
    "median_loc_ratio": 1.013051305130513,
    "security_ground_truth_policy": "strict_nvd_event",
    "sign_test_positive_count": 141,
    "sign_test_negative_count": 149,
    "sign_test_pvalue_greater": 0.7013849618191779,
    "rank_biserial_effect": -0.027586206896551724,
    "wilcoxon_statistic": 19891.0,
    "wilcoxon_pvalue_greater": 0.8006962156997322,
    "bootstrap_primary_cluster": {
      "cluster_col": "security_event_id",
      "n_clusters": 181,
      "n_boot": 2000,
      "confidence_level": 0.95,
      "mean_delta_composite_ci": [
        -0.0051126518720563275,
        0.0013265517355383041
      ],
      "median_delta_composite_ci": [
        -0.0008809406819855203,
        0.0001196301052733828
      ],
      "positive_share_ci": [
        0.4203366434439014,
        0.5458067952980845
      ]
    },
    "bootstrap_repo_cluster": {
      "cluster_col": "repo",
      "n_clusters": 11,
      "n_boot": 2000,
      "confidence_level": 0.95,
      "mean_delta_composite_ci": [
        -0.0048567707977813755,
        0.0009757393751341753
      ],
      "median_delta_composite_ci": [
        -0.001248276685095828,
        0.0003107757573881931
      ],
      "positive_share_ci": [
        0.4163511811967862,
        0.5590660819296321
      ]
    }
  },
  "event_level": {
    "n_security_events": 181,
    "n_security_commits": 176,
    "n_bugfix_commits": 177,
    "n_repos": 11,
    "mean_delta_composite": -0.0013929221867148521,
    "median_delta_composite": 0.0,
    "positive_share": 0.4972375690607735,
    "security_ground_truth_policy": "strict_nvd_event",
    "sign_test_positive_count": 90,
    "sign_test_negative_count": 88,
    "sign_test_pvalue_greater": 0.47013997935102336,
    "rank_biserial_effect": 0.011235955056179775,
    "wilcoxon_statistic": 7709.0,
    "wilcoxon_pvalue_greater": 0.645270372520857,
    "bootstrap_primary_cluster": {
      "cluster_col": "security_event_id",
      "n_clusters": 181,
      "n_boot": 2000,
      "confidence_level": 0.95,
      "mean_delta_composite_ci": [
        -0.004868335908616896,
        0.0019279930010587278
      ],
      "median_delta_composite_ci": [
        -0.0011803826483564595,
        0.0007418011904903876
      ],
      "positive_share_ci": [
        0.425414364640884,
        0.569060773480663
      ]
    },
    "bootstrap_repo_cluster": {
      "cluster_col": "repo",
      "n_clusters": 11,
      "n_boot": 2000,
      "confidence_level": 0.95,
      "mean_delta_composite_ci": [
        -0.004589789375278034,
        0.0012433816780854608
      ],
      "median_delta_composite_ci": [
        -0.0011803826483564595,
        0.0007418011904903876
      ],
      "positive_share_ci": [
        0.42424242424242425,
        0.5518683536267375
      ]
    }
  },
  "prediction": {
    "n_files": 586,
    "n_pairs": 293,
    "n_commits": 462,
    "n_repos": 11,
    "models": {
      "baseline_size": {
        "roc_auc": 0.548824098125779,
        "average_precision": 0.5655494268703627,
        "brier_score": 0.24736803636688617,
        "log_loss": 0.6878113297820955,
        "pairwise_accuracy": 0.6075085324232082,
        "macro_roc_auc": 0.597922407566816,
        "macro_average_precision": 0.6451598988767178,
        "macro_brier_score": 0.24863606938531332,
        "macro_pairwise_accuracy": 0.6352693590142707
      },
      "baseline_plus_composite": {
        "roc_auc": 0.5366690351663969,
        "average_precision": 0.5557110402145512,
        "brier_score": 0.24821201553806316,
        "log_loss": 0.6894586373734124,
        "pairwise_accuracy": 0.5648464163822525,
        "macro_roc_auc": 0.5940559523192152,
        "macro_average_precision": 0.6377738472668381,
        "macro_brier_score": 0.24892100859336053,
        "macro_pairwise_accuracy": 0.5991147176357488
      },
      "baseline_plus_components": {
        "roc_auc": 0.47564328064392136,
        "average_precision": 0.4870126319625403,
        "brier_score": 0.2575586274624135,
        "log_loss": 0.7086003885704142,
        "pairwise_accuracy": 0.5,
        "macro_roc_auc": 0.5487843866008286,
        "macro_average_precision": 0.6146944241923535,
        "macro_brier_score": 0.2548345884093611,
        "macro_pairwise_accuracy": 0.577066819807661
      }
    },
    "task": "security_vs_ordinary_bugfix"
  }
}