roc_auc,average_precision,brier_score,log_loss,pairwise_accuracy,model,repo,n_files,n_pairs
1.0,1.0,0.2517384342008431,0.696629764421822,1.0,baseline_size,pallets-flask,2,1
0.4444444444444445,0.5555555555555556,0.259428637828011,0.7121135326506028,0.3333333333333333,baseline_size,psf-requests,6,3
1.0,1.0,0.24963231325107268,0.6924117734415478,1.0,baseline_history,pallets-flask,2,1
0.33333333333333337,0.5,0.25367991760667263,0.7005095039275219,0.3333333333333333,baseline_history,psf-requests,6,3
0.0,0.5,0.2539876296015946,0.7011232291681435,0.0,baseline_history_plus_structure,pallets-flask,2,1
0.22222222222222224,0.4444444444444445,0.2576367549466793,0.708446641157824,0.3333333333333333,baseline_history_plus_structure,psf-requests,6,3
0.0,0.5,0.3327671976400226,0.8605079098171214,0.0,baseline_plus_composite,pallets-flask,2,1
0.6666666666666667,0.6388888888888888,0.256622245566375,0.7071208801338926,0.6666666666666666,baseline_plus_composite,psf-requests,6,3
