{
  "ci_gzip_vs_cve_density": {
    "spearman_rho": -0.04642857142857142,
    "p_value": 0.8694915255450948,
    "ci_95_low": -0.6539162112932604,
    "ci_95_high": 0.524347057337711,
    "n": 15
  },
  "ci_gzip_vs_mean_cvss": {
    "spearman_rho": 0.23956043956043957,
    "p_value": 0.4094298928517327,
    "ci_95_low": -0.4088939393939393,
    "ci_95_high": 0.7718220177034443,
    "n": 14
  },
  "ci_gzip_vs_median_cvss": {
    "spearman_rho": 0.07426144178481787,
    "p_value": 0.8008074798489597,
    "ci_95_low": -0.5966958783566263,
    "ci_95_high": 0.6804867145594918,
    "n": 14
  },
  "ci_lzma_vs_cve_density": {
    "spearman_rho": -0.15714285714285714,
    "p_value": 0.5759526006037947,
    "ci_95_low": -0.6232108854331959,
    "ci_95_high": 0.39130434782608703,
    "n": 15
  },
  "ci_lzma_vs_mean_cvss": {
    "spearman_rho": 0.059340659340659345,
    "p_value": 0.8403017626906825,
    "ci_95_low": -0.554066845241678,
    "ci_95_high": 0.6473216875207161,
    "n": 14
  },
  "ci_lzma_vs_median_cvss": {
    "spearman_rho": -0.0517579745772973,
    "p_value": 0.8605131052479726,
    "ci_95_low": -0.7050005364737012,
    "ci_95_high": 0.6039146200919218,
    "n": 14
  },
  "ci_zstd_vs_cve_density": {
    "spearman_rho": -0.15714285714285714,
    "p_value": 0.5759526006037947,
    "ci_95_low": -0.6232108854331959,
    "ci_95_high": 0.39130434782608703,
    "n": 15
  },
  "ci_zstd_vs_mean_cvss": {
    "spearman_rho": 0.059340659340659345,
    "p_value": 0.8403017626906825,
    "ci_95_low": -0.554066845241678,
    "ci_95_high": 0.6473216875207161,
    "n": 14
  },
  "ci_zstd_vs_median_cvss": {
    "spearman_rho": -0.0517579745772973,
    "p_value": 0.8605131052479726,
    "ci_95_low": -0.7050005364737012,
    "ci_95_high": 0.6039146200919218,
    "n": 14
  },
  "shannon_entropy_vs_cve_density": {
    "spearman_rho": -0.07857142857142857,
    "p_value": 0.7807545523090464,
    "ci_95_low": -0.5587716732262525,
    "ci_95_high": 0.44303797468354433,
    "n": 15
  },
  "shannon_entropy_vs_mean_cvss": {
    "spearman_rho": -0.04175824175824176,
    "p_value": 0.8872869731890637,
    "ci_95_low": -0.6541171586807593,
    "ci_95_high": 0.6481264538480569,
    "n": 14
  },
  "shannon_entropy_vs_median_cvss": {
    "spearman_rho": -0.18452843110166864,
    "p_value": 0.5276938407553836,
    "ci_95_low": -0.8036161163692819,
    "ci_95_high": 0.4860108634583572,
    "n": 14
  },
  "cyclomatic_density_vs_cve_density": {
    "spearman_rho": 0.2285714285714285,
    "p_value": 0.4125661704963605,
    "ci_95_low": -0.40484662759215717,
    "ci_95_high": 0.7043930238123726,
    "n": 15
  },
  "cyclomatic_density_vs_mean_cvss": {
    "spearman_rho": -0.1164835164835165,
    "p_value": 0.6916912502331575,
    "ci_95_low": -0.6809167632387767,
    "ci_95_high": 0.47653927972195553,
    "n": 14
  },
  "cyclomatic_density_vs_median_cvss": {
    "spearman_rho": -0.3555547818788249,
    "p_value": 0.2121785008715191,
    "ci_95_low": -0.7786863852533876,
    "ci_95_high": 0.25238015045103834,
    "n": 14
  },
  "halstead_volume_vs_cve_density": {
    "spearman_rho": -0.17562836826950023,
    "p_value": 0.5312546109124424,
    "ci_95_low": -0.6450116802387748,
    "ci_95_high": 0.3264102552102253,
    "n": 15
  },
  "halstead_volume_vs_mean_cvss": {
    "spearman_rho": -0.006622581101349103,
    "p_value": 0.9820737763943407,
    "ci_95_low": -0.7079338036748082,
    "ci_95_high": 0.6464699140772375,
    "n": 14
  },
  "halstead_volume_vs_median_cvss": {
    "spearman_rho": 0.15370067579151342,
    "p_value": 0.5998529133051799,
    "ci_95_low": -0.5112948163931053,
    "ci_95_high": 0.717613658434695,
    "n": 14
  },
  "composite_score_vs_cve_density": {
    "spearman_rho": -0.035714285714285705,
    "p_value": 0.8994469934720875,
    "ci_95_low": -0.6722032870940817,
    "ci_95_high": 0.5782153897291005,
    "n": 15
  },
  "composite_score_vs_mean_cvss": {
    "spearman_rho": 0.02417582417582418,
    "p_value": 0.9346189946036425,
    "ci_95_low": -0.5227489785495403,
    "ci_95_high": 0.6107599772291464,
    "n": 14
  },
  "composite_score_vs_median_cvss": {
    "spearman_rho": -0.11026698931685076,
    "p_value": 0.7074652497716666,
    "ci_95_low": -0.6318472737584435,
    "ci_95_high": 0.5511255377228351,
    "n": 14
  }
}