{
  "observed_rho": -0.035714285714285705,
  "p_value_permutation": 0.9029,
  "null_mean": -0.005335714285714284,
  "null_std": 0.26801174024315283
}