{
  "r_squared": 0.20736769593814908,
  "adj_r_squared": -0.008804750624173963,
  "f_statistic": 0.9592697831560345,
  "f_pvalue": 0.4460180020357281,
  "coefficients": {
    "const": {
      "coef": -0.24371466965595273,
      "std_err": 1.1177478067512543,
      "t_stat": -0.21804083907291394,
      "p_value": 0.8313894353719474
    },
    "composite_score": {
      "coef": -2.853194271725194,
      "std_err": 2.761088491384653,
      "t_stat": -1.033358503585791,
      "p_value": 0.3236208085018681
    },
    "log_loc": {
      "coef": 0.13949176855269133,
      "std_err": 0.09298488644521519,
      "t_stat": 1.5001552820616397,
      "p_value": 0.16171836921667493
    },
    "num_files": {
      "coef": -0.00020915455278013457,
      "std_err": 0.00012551858704934807,
      "t_stat": -1.666323352555783,
      "p_value": 0.123838388139843
    }
  },
  "n_obs": 15
}