repo,n_interventions,mean_did_composite,mean_did_score_range,mean_did_absolute_error,mean_did_underprediction_loss,mean_did_positive_log_loss
pallets-flask,6,-0.001121890779335527,1.7343343364854304e-05,0.0011474402541915738,0.0,0.0
psf-requests,5,-0.0024161043174735,-0.0005586296098354211,-0.0013499826050436287,0.0,0.0
scrapy-scrapy,4,-0.004628809110736362,0.0019587861892989412,0.0002064677632081679,0.0,0.0
fastapi-fastapi,2,-0.018780565071202487,-0.003709584517740258,-0.0028232202318378883,0.0,0.0
django-django,1,-0.001039679997840992,0.0010004523616888462,0.0011675067545896308,0.0,0.0
prometheus-prometheus,1,-0.000980750765159466,0.003961777174544949,0.00157560147145017,0.0,0.0
